watershed_group_code,length_km_total,length_km_accessible15,length_km_accessible15_structureless,length_km_accessible20,length_km_accessible20_structureless,length_km_accessible30,length_km_accessible30_structureless,stream_km_accessible15,stream_km_accessible15_structureless,stream_km_accessible20,stream_km_accessible20_structureless,stream_km_accessible30,stream_km_accessible30_structureless,lake_reservoir_area_ha_total,lake_reservoir_area_ha_accessible15,lake_reservoir_area_ha_accessible15_structureless,lake_reservoir_area_ha_accessible20,lake_reservoir_area_ha_accessible20_structureless,lake_reservoir_area_ha_accessible30,lake_reservoir_area_ha_accessible30_structureless,wetland_area_ha_total,wetland_area_ha_accessible15,wetland_area_ha_accessible15_structureless,wetland_area_ha_accessible20,wetland_area_ha_accessible20_structureless,wetland_area_ha_accessible30,wetland_area_ha_accessible30_structureless,n_pscis_all,n_pscis_gt2010,n_pscis_gt2010_accessible_15,n_pscis_gt2010_accessible_20,n_pscis_gt2010_accessible_30,n_modelled_culverts_total,n_modelled_culverts_accessible15,n_modelled_culverts_accessible20,n_modelled_culverts_accessible30
ADMS,5475.8,654.5,0,983.2,0,1522.3,0,388.1,158.6,659.0,158.6,1152.7,158.6,15888.2,14009.9,0,14317.5,0,14506.5,0,2925.5,951.9,0,1207.9,0,1504.6,0,67,36,25,32,53,3256,191,459,1023
ALBN,7529.8,1799.7,1099.2,2251.1,1301.0,3083.8,1558.1,1408.2,803.7,1822.6,979.7,2613.7,1215.9,17253.5,13627.3,12929.4,14391.9,13583.5,14906.9,13849.8,1188.0,576.9,351.5,607.5,370.6,701.5,424.8,248,116,128,161,206,6204,976,1375,2348
ATLL,12087.3,4546.1,9.4,5901.0,9.6,7191.5,10.5,2203.0,141.2,3298.0,141.2,4525.4,142.0,68348.6,62992.0,11.4,67333.7,11.9,67655.7,12.1,8288.8,5720.0,23.5,6944.9,23.5,7329.1,23.5,0,0,0,0,0,828,389,595,701
ATNA,5636.2,939.0,0,1160.8,0,1529.3,0,554.9,86.3,754.1,86.3,1094.0,86.3,13750.3,9328.9,0,9380.7,0,9514.1,0,3475.5,718.7,0,828.8,0,958.8,0,0,0,0,0,0,579,92,121,177
BABL,11547.8,6035.0,2125.1,8618.9,2582.2,10415.8,3112.0,4230.0,1057.8,6320.5,1469.8,7903.7,1918.1,62840.9,54597.6,49814.6,59536.5,49966.4,62094.2,51667.5,18675.1,10306.9,3032.6,14838.7,3596.6,16047.8,3872.9,47,3,33,37,47,4406,2232,3382,4115
BABR,8921.1,2397.3,1981.8,3531.7,2833.3,5030.1,3965.3,1966.9,1628.7,2936.0,2346.0,4254.4,3335.5,2700.1,871.8,815.3,1543.4,1408.4,2143.8,1871.8,10789.8,5690.2,4605.5,6993.4,5563.2,8153.9,6378.5,41,1,23,36,41,1051,396,569,749
BARR,7140.5,829.7,829.7,948.8,948.8,1414.9,1414.9,764.8,764.8,871.5,871.5,1288.5,1288.5,2920.0,2453.0,2453.0,2466.2,2466.2,2631.8,2631.8,1833.3,1208.1,1208.1,1239.8,1239.8,1410.6,1410.6,0,0,0,0,0,0,0,0,0
BBAR,7877.8,255.7,0,494.6,0,1586.5,0,266.4,171.3,479.6,171.3,1485.8,171.3,2820.6,79.0,0,175.2,0,663.9,0,2635.4,17.6,0,162.8,0,663.5,0,0,0,0,0,0,4677,89,308,1037
BELA,6068.6,399.8,177.0,466.1,190.8,699.6,235.6,441.3,328.3,502.1,342.1,718.4,386.5,1755.1,9.4,2.3,20.5,2.3,28.0,4.4,365.4,1.8,0,11.5,0,56.6,0,20,0,8,14,18,718,139,201,323
BIGC,2913.3,11.4,0,11.7,0,2386.2,0,130.1,120.7,130.4,120.7,1757.8,120.7,2073.7,0,0,0,0,1437.6,0,10676.6,0,0,0,0,8205.1,0,2,2,0,0,2,665,0,0,583
BLAR,5469.1,3433.6,0,4450.4,0,4964.3,0,2612.3,179.1,3455.1,179.1,3883.4,179.1,3965.6,2233.5,0,3111.2,0,3324.4,0,15818.5,8988.4,0,11673.5,0,13012.7,0,10,0,9,10,10,2506,1166,1853,2200
BONP,7575.4,1747.4,0,3055.0,0,4531.1,0,1337.3,1.4,2407.2,1.4,3797.0,1.4,10807.0,6592.3,0,8693.6,0,8979.8,0,5652.8,1740.2,0,2854.6,0,3471.9,0,2,0,2,2,2,5810,1262,2466,3766
BOWR,6268.3,2699.6,0,3435.6,0,4362.3,0,2204.0,264.1,2881.7,264.1,3771.0,264.1,5058.2,4401.1,0,4528.1,0,4713.0,0,8744.1,6809.0,0,7418.2,0,7965.4,0,136,115,93,126,130,3290,1299,1929,2592
BRKS,5433.0,1192.5,604.1,1510.9,719.3,2161.4,945.1,992.7,522.9,1302.1,632.4,1933.5,849.2,4081.0,3522.6,1729.2,3561.5,1765.5,3723.2,1853.0,456.9,286.8,90.3,316.8,104.3,361.1,116.9,36,36,25,30,35,5655,800,1220,2132
BULK,14642.1,5692.1,2095.3,7251.2,2448.6,9608.3,3022.4,4924.6,1882.6,6372.5,2218.2,8611.9,2773.2,6647.1,5375.0,2116.4,5640.0,2122.1,5929.9,2164.6,13044.1,8493.7,3250.4,9585.7,3460.5,10605.1,3603.5,1518,1457,862,1056,1359,5753,2927,3730,4828
BULL,6919.9,1747.2,0,2173.6,0,3064.3,0,1436.6,155.8,1858.3,155.8,2737.0,155.8,7785.3,7421.3,0,7431.4,0,7448.6,0,1440.1,991.5,0,1009.5,0,1064.2,0,258,258,158,188,221,4870,1299,1908,2972
CAMB,3681.9,194.1,81.0,310.7,85.6,371.5,89.3,196.1,102.3,275.1,106.8,329.3,109.3,13401.3,232.9,149.7,1033.5,149.7,1071.2,149.8,834.9,228.6,91.4,325.1,91.4,335.6,91.4,0,0,0,0,0,1265,142,268,358
CARR,6206.5,548.8,0,1505.1,0,2285.9,0,524.0,210.8,1153.9,210.8,1915.5,210.8,8797.0,1653.9,0,8157.6,0,8236.5,0,1894.7,583.5,0,1293.4,0,1351.7,0,0,0,0,0,0,1300,127,332,627
CHES,3380.3,2518.8,0,2887.9,0,3183.1,0,1747.7,62.2,2080.0,62.2,2356.4,62.2,11904.2,11477.7,0,11628.5,0,11697.2,0,5881.2,4722.9,0,5070.7,0,5186.3,0,13,7,11,13,13,1179,875,1047,1131
CHIL,2862.4,2215.1,0,2460.6,0,2682.0,0,1503.2,20.0,1705.8,20.0,1889.0,20.0,5784.7,5263.2,0,5279.5,0,5485.1,0,9129.9,7048.9,0,7503.5,0,7799.4,0,21,0,17,19,21,1368,1061,1199,1297
CHIR,6762.6,1943.7,0,2492.4,0,3217.3,0,805.9,138.3,1288.3,138.3,1981.8,138.3,24084.4,21499.6,0,21783.0,0,21926.8,0,3701.8,1621.2,0,1969.1,0,2104.8,0,0,0,0,0,0,616,258,396,459
CHWK,2598.0,605.1,142.5,640.6,147.5,797.6,155.8,515.9,171.9,550.8,176.8,706.9,184.9,2142.8,1953.4,31.1,1956.6,31.1,1956.9,31.1,141.6,95.2,9.3,95.2,9.3,99.5,9.3,16,12,13,13,14,1454,389,459,635
CLAY,7223.2,1300.1,985.6,1580.9,1186.9,2249.4,1607.6,1065.6,785.1,1321.5,964.3,1962.8,1366.7,10890.3,8247.5,7602.9,8432.3,7763.9,8699.5,7894.7,1207.0,664.3,535.7,717.2,584.1,730.9,595.6,57,57,28,36,50,2550,436,590,1027
CLRH,13169.1,1501.5,0,1825.0,0,2464.1,0,912.8,457.2,1196.9,457.2,1815.8,457.2,32661.2,30534.9,0,30540.6,0,30549.9,0,1931.8,1126.0,0,1204.8,0,1265.2,0,123,123,46,62,98,2182,203,370,689
CLWR,7824.1,1011.0,0,1403.3,0,2226.2,0,648.0,184.9,998.2,184.9,1735.3,184.9,8525.8,6959.0,0,7032.3,0,7281.8,0,4937.5,1279.0,0,1635.7,0,2150.6,0,7,0,0,0,0,1095,53,87,209
COLR,11430.1,1817.6,0.2,2157.8,0.2,2939.4,0.2,1470.4,352.7,1793.5,352.7,2552.5,352.7,6669.0,5717.7,9.1,5799.3,9.1,5842.8,9.1,5857.0,4818.7,260.3,4874.8,260.3,4929.3,260.3,127,127,78,90,112,4823,1159,1615,2471
COMX,3434.8,1112.8,509.7,1462.1,639.8,1950.6,828.6,894.4,392.1,1184.9,497.2,1613.0,655.8,5795.4,3396.0,3095.0,4161.4,3179.6,4900.2,3531.3,2166.8,1217.4,209.6,1364.1,240.6,1480.4,266.1,0,0,0,0,0,3203,1003,1368,1916
COTR,8189.7,4640.7,0,6485.5,0,7520.4,0,3851.0,355.2,5469.4,355.2,6451.0,355.2,3688.7,2988.0,0,3470.3,0,3615.9,0,10795.3,7819.8,0,9477.9,0,9864.2,0,4,2,2,4,4,6241,2985,4431,5561
COWN,4942.3,1478.8,827.7,1835.1,906.4,2669.5,968.6,1157.5,564.5,1496.3,642.5,2283.6,703.5,8344.9,7298.8,6745.8,7387.4,6746.1,7950.6,6746.1,1324.8,734.3,416.2,784.9,417.5,883.9,419.9,0,0,0,0,0,6860,1252,1753,3037
DEAD,2986.8,502.8,0,790.4,0,1307.1,0,397.8,0.0,622.1,0.0,1031.9,0.0,3069.7,500.1,0,701.8,0,1087.1,0,4135.6,661.9,0,1045.3,0,1700.8,0,62,62,27,29,32,2036,316,481,869
DOGC,4588.8,391.4,0,1565.7,0,3022.3,0,364.8,61.6,1348.8,61.6,2579.8,61.6,2259.0,9.0,0,330.1,0,1337.8,0,6482.7,246.5,0,3410.9,0,5370.5,0,0,0,0,0,0,1913,66,623,1439
DRIR,3955.8,2224.1,0,2675.5,0,3116.8,0,1764.0,158.6,2162.6,158.6,2574.4,158.6,1814.1,1293.0,0,1624.3,0,1721.4,0,7415.0,5588.1,0,6065.9,0,6270.1,0,7,0,6,7,7,654,503,608,642
DUNC,10557.7,978.0,0,1181.3,0,1699.1,0,709.5,242.7,909.1,242.7,1396.9,242.7,10870.9,10192.2,0,10195.1,0,10203.5,0,707.0,450.3,0,453.7,0,491.1,0,94,22,46,57,76,1629,116,188,420
ELKR,12486.9,3033.8,0,3806.7,0,5375.5,0,2871.6,520.1,3631.1,520.1,5180.4,520.1,1248.5,839.8,0,876.4,0,922.4,0,1663.0,1218.6,0,1279.8,0,1369.9,0,525,525,345,436,504,6844,1736,2597,4010
EUCH,2298.0,1830.2,0,1959.0,0,2044.5,0,1113.6,4.3,1212.2,4.3,1286.0,4.3,4644.3,4071.6,0,4216.5,0,4228.6,0,9805.0,7611.1,0,7890.0,0,8017.8,0,7,2,7,7,7,828,641,689,742
EUCL,4256.8,3163.5,0,3760.5,0,3978.8,0,2125.9,53.9,2579.9,53.9,2780.4,53.9,8007.3,7161.3,0,7534.4,0,7610.1,0,21663.7,15656.1,0,18225.5,0,18379.0,0,4,0,4,4,4,438,341,407,427
FRAN,11836.6,7627.4,0,8928.1,0,10427.5,0,5215.7,119.1,6411.2,119.1,7777.9,119.1,53688.2,52234.2,0,52697.1,0,53015.5,0,17296.6,13336.6,0,13998.5,0,14881.5,0,13,3,13,13,13,6826,4467,5413,6271
FRCN,10481.3,876.9,0.0,1113.6,0.0,1940.5,0.0,843.1,319.0,1063.1,319.0,1870.9,319.0,2396.3,774.0,0,777.4,0,824.9,0,552.9,245.5,0,246.8,0,312.8,0,92,1,9,22,64,5671,292,502,1348
GLAR,5223.9,2706.9,2541.8,3278.1,3041.4,4128.5,3803.2,1803.4,1673.0,2344.9,2145.9,3144.1,2857.4,14475.3,13749.8,13482.9,13833.8,13551.7,14114.6,13828.4,6092.8,5360.0,5172.8,5514.9,5317.2,5703.1,5505.4,0,0,0,0,0,49,24,37,42
GOLD,6109.3,903.0,413.2,1178.4,492.0,1826.6,610.6,828.3,481.6,1081.1,551.6,1697.2,668.0,3603.6,1744.4,877.8,1889.8,881.6,2121.0,887.9,636.6,308.3,84.9,332.0,87.6,398.0,90.2,99,99,53,74,86,5044,493,872,1770
GRAI,13607.1,6367.5,4361.1,7326.0,4917.0,8624.9,5657.0,5701.4,3920.9,6610.8,4441.1,7858.8,5145.7,8868.0,6698.7,5295.7,6830.5,5346.6,7023.6,5426.3,48519.4,22896.1,17248.2,24271.9,18368.3,25292.2,19119.5,249,25,181,198,209,3600,1487,2000,2697
GUIC,2561.9,1117.8,0,1510.5,0,2097.5,0,914.7,0,1284.5,0,1802.2,0,1567.0,815.6,0,900.8,0,1305.9,0,2154.3,1400.6,0,1508.1,0,1786.0,0,10,1,9,9,10,2450,1029,1355,1982
HARR,6168.6,1188.9,106.4,1326.0,118.7,1733.1,139.0,632.4,348.0,753.9,360.3,1146.6,380.6,24716.6,23151.3,10.5,23248.1,10.5,23369.7,10.5,362.0,165.5,0,189.9,0,225.5,0,236,236,123,145,174,4046,384,535,1012
HERR,5433.2,984.3,0,1659.2,0,2633.8,0,994.0,332.9,1596.2,332.9,2496.8,332.9,1017.0,166.6,0,249.3,0,397.5,0,1262.5,531.7,0,670.0,0,965.3,0,15,3,8,12,15,1050,334,559,872
HOLB,2900.8,1264.3,441.7,1580.9,510.8,2047.4,633.3,1168.8,433.1,1473.4,500.3,1928.8,617.9,835.7,633.2,61.9,729.4,67.8,792.8,113.1,779.8,617.5,227.2,649.4,234.8,710.2,246.4,221,221,188,199,208,2800,980,1304,1827
HOMA,14608.5,1463.7,343.5,1758.8,375.6,2559.3,488.0,1358.3,673.6,1613.4,699.8,2335.1,783.2,7933.9,5895.0,207.7,5957.1,207.7,6079.2,208.0,2512.3,1840.2,794.6,1885.3,794.6,1911.2,794.6,8,0,4,7,8,1508,437,544,760
HORS,4475.5,1160.0,0,1425.8,0,1795.1,0,847.7,193.1,1078.0,193.1,1424.9,193.1,12978.4,9374.1,0,9731.1,0,9799.3,0,6720.6,2089.1,0,2253.2,0,2386.4,0,961,958,288,363,496,2372,560,775,1057
INKR,12904.0,1309.4,1306.8,1760.3,1757.4,2766.6,2762.8,1187.4,1186.4,1565.5,1564.3,2502.6,2500.5,1825.1,498.3,496.8,614.6,613.2,706.6,705.1,5915.3,4167.7,4154.1,4568.7,4555.0,4883.3,4869.7,0,0,0,0,0,8,2,4,5
JENR,4566.0,2285.1,2285.1,2860.0,2860.0,3488.5,3488.5,1969.5,1969.5,2514.9,2514.9,3122.9,3122.9,4098.2,3209.9,3209.9,3461.8,3461.8,3611.9,3611.9,2706.4,2355.4,2355.4,2377.9,2377.9,2455.3,2455.3,0,0,0,0,0,0,0,0,0
JERV,8693.9,615.9,213.6,903.2,286.3,1563.3,464.7,514.4,213.9,776.7,280.9,1365.4,449.5,12914.9,3280.9,781.4,3592.8,822.3,4708.8,1686.4,1213.2,487.8,224.9,567.8,226.0,713.1,250.1,208,182,88,144,176,5001,466,773,1386
KEEC,2538.6,1455.5,1451.8,1774.7,1767.4,2162.2,2154.8,906.7,903.6,1172.5,1166.5,1513.9,1507.7,5003.9,3893.6,3891.7,4170.4,4162.6,4481.4,4473.6,237.9,156.5,156.5,166.0,166.0,185.8,185.8,0,0,0,0,0,2,2,2,2
KETL,14184.1,2726.5,1027.3,4242.3,1114.8,8236.7,1392.6,2522.2,980.0,3971.9,1065.9,7787.8,1340.0,4228.4,3101.8,2690.4,3240.9,2690.7,3779.6,2695.0,3847.0,1122.0,122.7,1504.1,126.8,2648.5,131.7,738,555,269,378,615,12886,1737,3231,7775
KHOR,11251.5,1872.2,0,2354.5,0,3365.8,0,1618.9,623.7,2073.8,623.7,3021.6,623.7,4468.4,2347.5,0,2413.1,0,2566.2,0,5592.3,3816.9,0,3951.7,0,4081.7,0,50,7,33,36,45,4032,875,1292,2122
KHTZ,8206.0,421.5,402.7,625.6,572.4,1464.5,1271.8,400.5,385.1,580.4,535.9,1280.5,1108.6,8647.4,472.6,461.8,647.7,589.0,2324.4,2092.9,1220.9,433.6,403.5,527.0,472.5,798.5,684.2,0,0,0,0,0,659,26,62,256
KINR,5195.9,961.0,825.5,1323.8,1067.3,2086.5,1606.4,746.5,631.8,1033.8,822.6,1664.7,1257.3,6604.5,4038.7,3949.0,4130.3,3993.3,4462.2,4136.8,3249.2,1573.8,1483.5,2190.6,1968.4,2801.3,2467.8,8,0,5,7,7,503,147,229,362
KISP,11082.8,2819.5,1647.9,3634.2,2013.6,5484.0,2777.7,2415.3,1395.7,3164.7,1734.6,4932.7,2455.0,5586.3,4511.1,3791.0,4716.1,3843.6,5014.4,3983.9,4928.6,2799.6,1722.4,3353.1,1860.5,3832.7,2105.2,19,8,11,13,17,2807,837,1138,1875
KITL,10976.2,1136.9,1121.5,1395.3,1371.3,2096.3,2016.8,981.1,966.8,1198.7,1175.8,1855.9,1783.0,4538.4,2313.5,2311.3,2631.0,2628.8,2771.7,2765.7,1310.8,1096.3,1089.5,1114.0,1107.1,1166.1,1159.3,0,0,0,0,0,151,35,56,90
KITR,10307.2,1378.1,1035.0,1756.4,1350.3,2518.4,1879.2,1269.8,974.3,1609.0,1252.3,2345.4,1759.1,3562.7,1542.1,1505.8,1638.5,1587.3,1801.5,1724.6,3249.4,2509.0,1623.5,2652.5,1763.4,2701.5,1805.2,7,7,4,6,6,1815,432,562,866
KLIN,13596.5,2119.6,803.4,2603.0,1032.8,3822.7,1685.8,1757.9,834.5,2190.0,1040.7,3293.3,1643.2,5638.4,3215.7,1353.8,3426.2,1452.9,4166.1,1663.8,5133.1,3494.8,990.1,3679.2,1037.7,3978.5,1136.2,0,0,0,0,0,1478,509,630,906
KLUM,10436.9,1558.7,557.7,1863.3,670.7,2586.9,919.4,1428.8,846.8,1717.3,957.5,2399.0,1192.7,3281.1,2320.2,20.7,2327.8,21.0,2371.6,23.1,3574.6,2934.1,122.7,3030.7,123.3,3084.4,124.1,71,71,43,53,64,2521,471,643,1021
KNIG,13626.3,1311.6,844.2,1766.3,1087.5,2738.3,1576.2,1136.2,774.7,1542.4,989.6,2469.7,1461.2,8437.1,4455.3,2265.0,4836.5,2434.6,5042.5,2471.4,1458.0,825.2,574.6,910.8,608.6,1002.4,628.7,0,0,0,0,0,4525,565,935,1714
KOTL,15093.3,2997.9,4.2,3668.4,4.2,5269.7,4.3,2284.4,362.1,2943.2,362.1,4525.4,362.2,46765.7,87446.0,0,87509.1,0,87546.7,0,4059.9,1975.9,0,2014.4,0,2118.2,0,394,211,189,224,310,7977,1332,1996,3643
KOTR,13911.4,1877.1,0,2416.5,0,3565.1,0,1733.6,438.1,2263.8,438.1,3402.8,438.1,1588.1,1043.9,0,1047.5,0,1081.7,0,1062.5,832.7,0,894.0,0,915.7,0,356,349,174,227,317,4256,745,1239,2183
KSHR,8871.4,523.2,491.2,730.1,687.4,1290.3,1099.8,546.7,517.3,732.1,692.1,1218.0,1075.9,1929.6,249.0,247.6,395.0,393.4,839.5,504.0,856.6,346.6,344.1,368.4,365.9,476.1,413.9,0,0,0,0,0,200,54,69,102
KTSU,2631.6,1826.7,1826.7,2049.6,2049.6,2233.0,2226.8,1289.4,1289.4,1463.3,1463.3,1621.7,1616.1,4081.6,3142.6,3142.6,3369.4,3369.4,3527.7,3525.8,116.6,73.2,73.2,76.6,76.6,81.8,81.8,0,0,0,0,0,13,0,0,6
KUMR,7913.2,2322.4,2311.0,2954.2,2906.3,3957.4,3875.1,1225.1,1215.6,1739.2,1704.9,2648.2,2582.1,18460.2,12781.0,12748.0,14131.7,13826.8,15088.9,14762.6,821.3,380.0,374.8,449.0,440.3,496.0,484.4,0,0,0,0,0,223,32,87,134
LARL,12260.1,1402.3,184.0,2004.9,224.2,3740.3,263.7,1001.6,306.3,1573.8,344.9,3262.2,384.2,21821.1,19453.7,5.2,19516.3,6.8,19616.5,6.9,1170.8,350.2,115.7,557.8,123.8,779.1,123.8,414,245,129,180,280,8224,671,1243,2853
LBIR,8190.5,1105.2,919.8,1474.7,1151.4,2225.2,1655.2,885.4,735.0,1231.7,950.1,1941.5,1424.2,4523.4,4220.5,4191.7,4273.5,4222.9,4326.4,4258.6,2427.9,1830.3,1482.5,1998.6,1626.7,2116.6,1681.9,1,0,0,0,0,598,149,245,403
LCHL,5775.1,4703.4,0,5042.9,0,5340.2,0,3815.3,246.7,4134.2,246.7,4410.5,246.7,6111.5,5110.3,0,5159.6,0,5211.3,0,8671.8,6862.0,0,6980.6,0,7133.3,0,1,1,1,1,1,4638,3642,4041,4332
LCHR,6554.6,1042.2,0,1232.6,0,2521.1,0,788.4,169.0,960.4,169.0,1912.5,169.0,11668.6,830.8,0,888.8,0,3018.8,0,18992.8,3692.8,0,3893.5,0,7938.5,0,7,7,5,5,7,3285,530,694,1369
LDEN,8107.7,990.2,859.5,3319.0,3111.0,4475.5,4245.4,818.8,728.2,2443.0,2294.2,3452.5,3282.4,10978.6,1034.0,969.8,8365.2,8078.1,9538.7,9251.2,10656.2,2418.0,1769.5,7394.0,6502.4,7921.5,7023.3,0,0,0,0,0,171,83,106,130
LFRA,8506.7,2851.1,882.2,3053.7,906.9,3412.8,1002.8,2426.0,868.3,2621.7,892.6,2967.7,981.6,18120.6,13506.5,5677.7,13537.4,5677.7,13741.9,5828.7,4907.3,4056.3,1054.7,4058.9,1054.7,4073.2,1055.1,467,467,316,359,407,4845,2778,2987,3266
LILL,12181.3,999.7,0,1264.6,0,1855.4,0,977.5,516.1,1210.9,516.1,1763.9,516.1,7139.0,4657.2,0,4685.3,0,4798.3,0,2281.2,897.9,0,1011.4,0,1120.6,0,196,196,125,146,172,2904,382,530,955
LISR,6293.8,679.5,679.5,768.1,768.1,1012.1,1012.1,668.0,668.0,741.7,741.7,955.4,955.4,863.8,140.0,140.0,224.6,224.6,249.0,249.0,1483.6,1351.3,1351.3,1390.6,1390.6,1414.7,1414.7,0,0,0,0,0,2,1,1,1
LKEL,1115.4,329.6,6.2,380.9,6.2,458.6,6.3,248.6,63.4,298.9,63.4,374.9,63.5,1575.4,1428.1,0,1434.0,0,1435.5,0,1537.2,1349.4,3.1,1352.9,3.1,1369.6,3.1,2,0,2,2,2,340,142,167,221
LNAR,12565.4,1902.9,1597.9,2330.4,1844.9,3347.7,2445.5,1783.0,1526.6,2149.7,1735.9,3090.1,2292.5,3640.2,1300.0,1067.7,1540.4,1152.2,1811.6,1212.8,6957.1,4153.9,3493.5,4364.5,3648.4,4658.5,3780.7,0,0,0,0,0,1424,334,454,681
LNIC,7300.0,1660.3,0,2580.9,0,3893.3,0,1447.4,166.6,2279.8,166.6,3538.1,166.6,5538.9,3180.3,0,3718.9,0,3931.8,0,2341.2,1155.8,0,1480.0,0,1680.8,0,98,98,75,90,96,6039,1344,2347,3614
LNRS,4574.2,113.8,0,115.9,0,136.8,0,85.7,1.1,87.8,1.1,107.4,1.1,23989.7,274.6,0,274.6,0,274.6,0,9547.0,128.6,0,128.6,0,144.3,0,25,7,0,0,0,1614,41,42,56
LNTH,9261.8,1354.1,0,2222.8,0,4048.4,0,1180.5,267.2,1924.6,267.2,3533.8,267.2,9086.5,2733.6,0,4587.7,0,6096.2,0,4527.2,823.0,0,1206.5,0,2134.5,0,136,112,56,81,97,8447,1021,1942,3924
LRDO,5529.7,872.7,858.7,1227.7,1208.7,2393.2,2334.0,474.4,464.0,726.1,710.9,1567.5,1515.8,14908.0,6289.4,6247.0,7360.1,7317.2,12334.8,12243.9,681.8,341.6,337.5,406.5,402.5,521.5,515.5,0,0,0,0,0,201,25,31,97
LSAL,3174.8,2971.3,0,3038.1,0,3079.1,0,2155.6,143.3,2218.7,143.3,2257.0,143.3,6273.8,5583.8,0,5588.6,0,5602.8,0,8619.1,7712.8,0,7734.5,0,7753.9,0,34,2,26,28,32,2238,2082,2155,2187
LSKE,12272.7,2004.6,1681.3,2372.6,1980.6,3072.4,2444.4,1761.3,1539.9,2055.5,1773.9,2711.5,2205.4,6445.0,2565.5,2450.8,3038.9,2867.1,3433.8,3225.4,4617.4,3548.7,3080.2,3681.2,3208.2,3782.3,3300.9,93,0,67,76,86,1314,334,414,600
LSTR,7553.5,1100.8,1100.8,1191.6,1190.4,1437.9,1425.9,950.6,950.6,1032.0,1030.8,1258.5,1246.7,3149.7,2135.7,2135.7,2138.0,2138.0,2311.9,2311.9,4103.5,3494.3,3494.3,3522.1,3522.1,3568.0,3567.3,0,0,0,0,0,39,0,1,7
LTRE,3078.9,2707.4,0,2883.7,0,3017.0,0,1669.4,74.6,1830.5,74.6,1956.3,74.6,11246.5,10973.1,0,11129.6,0,11165.2,0,12363.4,11868.8,0,11925.2,0,11959.6,0,129,125,125,129,129,1381,1173,1287,1357
MAHD,6394.3,121.9,0,141.4,0,3787.3,0,95.0,78.1,111.8,78.1,2799.6,78.1,19111.8,3301.5,0,3329.7,0,17683.3,0,6528.9,9.4,0,9.4,0,4075.3,0,50,8,0,0,47,3677,12,19,2381
MBNK,1307.0,879.9,861.0,966.5,946.5,1081.5,1059.5,491.6,480.1,561.3,548.7,661.6,647.1,3186.3,2757.4,2711.6,2828.8,2782.7,2903.4,2857.3,228.3,184.7,184.7,191.3,191.3,192.8,192.8,0,0,0,0,0,28,17,17,19
MCGR,7421.2,2807.4,0,3284.5,0,4280.9,0,2462.8,477.4,2918.7,477.4,3881.2,477.4,2161.8,1246.6,0,1317.4,0,1477.7,0,5367.2,3954.8,0,4037.2,0,4196.0,0,728,663,432,540,660,3129,1614,2020,2611
MESC,5747.0,648.0,636.1,923.3,905.3,2161.7,2117.1,593.5,584.5,852.6,837.4,1949.4,1908.8,1038.1,304.9,304.4,426.8,426.4,767.5,764.4,4315.6,1898.1,1867.2,2032.5,2001.6,3269.9,3231.5,0,0,0,0,0,134,15,26,58
MFRA,2540.2,226.0,0,414.1,0,1071.9,0,197.4,84.8,350.2,84.8,907.6,84.8,4358.3,275.4,0,501.6,0,1027.3,0,3317.3,184.4,0,558.9,0,1423.5,0,0,0,0,0,0,1578,143,256,726
MIDR,3517.7,2329.1,0,2635.0,0,3026.1,0,1638.1,55.7,1925.9,55.7,2300.3,55.7,12586.8,12282.6,0,12386.7,0,12467.1,0,3876.0,3230.0,0,3325.4,0,3407.9,0,165,164,142,145,149,1323,876,1047,1185
MORI,8285.6,1824.9,1164.1,2452.8,1600.1,3395.3,2246.3,1664.2,1049.0,2257.2,1450.7,3172.8,2072.8,4910.3,2667.7,1762.0,3178.2,2271.6,3505.2,2571.4,542.7,360.8,248.3,410.7,293.8,447.3,313.4,173,27,100,120,153,2284,669,912,1346
MORK,17887.9,5437.2,0,6777.8,0,8860.7,0,4961.3,863.0,6193.7,863.0,8217.7,863.0,2998.8,1942.5,0,2089.2,0,2233.1,0,10858.3,8398.5,0,8817.4,0,9221.3,0,50,37,47,50,50,5837,3030,3631,4535
MORR,9033.1,3552.7,2571.4,4382.9,3029.5,5760.4,3931.0,2557.0,1757.5,3322.2,2182.8,4609.0,3033.7,18852.1,17886.4,16186.9,18128.6,16284.9,18483.2,16519.9,9350.1,7226.1,5425.1,7578.7,5555.3,7995.3,5699.2,24,24,18,21,23,1643,953,1235,1486
MSKE,10990.4,1515.0,1453.5,1993.9,1876.5,3431.0,3189.7,1410.7,1356.5,1862.9,1755.7,3192.9,2964.7,1872.8,814.4,803.5,855.7,839.0,1256.7,1234.1,2747.9,1289.4,1243.8,1466.9,1409.3,1884.8,1811.0,12,3,0,0,3,419,33,50,115
MSTR,14103.1,3624.7,2750.9,5097.1,3786.6,8126.9,6125.8,3271.4,2522.5,4648.1,3497.6,7465.2,5664.0,3943.4,2118.6,1182.5,2414.8,1329.9,3054.2,1781.5,9574.0,3333.6,2346.7,4155.0,3009.6,5925.5,4562.6,0,0,0,0,0,549,181,292,440
MURT,5260.4,120.6,0,123.9,0,237.8,0,148.7,143.6,151.3,143.6,237.1,143.6,15449.9,3169.5,0,3173.4,0,3173.9,0,4128.7,94.9,0,94.9,0,168.8,0,0,0,0,0,0,24,0,0,0
MUSK,2048.3,1948.4,0,2018.9,0,2038.2,0,1320.0,37.3,1389.2,37.3,1408.2,37.3,4397.9,4352.1,0,4352.1,0,4352.1,0,4972.4,4501.9,0,4511.4,0,4514.3,0,3,0,3,3,3,1266,1169,1245,1264
NAHR,7957.6,4332.3,4332.3,5313.5,5313.5,6557.9,6557.9,3343.8,3343.8,4234.9,4234.9,5279.3,5279.3,7607.9,5411.1,5411.1,5700.0,5700.0,6777.5,6777.5,18713.4,9775.6,9775.6,10539.6,10539.6,13131.0,13131.0,0,0,0,0,0,0,0,0,0
NAKR,9701.7,2053.4,2051.2,2727.0,2705.6,4314.0,4279.2,1659.8,1657.7,2289.0,2268.6,3735.2,3703.0,4570.6,2310.9,2310.9,2416.0,2415.4,2973.8,2971.7,5167.1,3410.3,3410.3,3681.4,3676.4,4309.1,4292.7,0,0,0,0,0,34,7,11,15
NARC,5764.4,2758.5,0,3262.1,0,3893.7,0,2071.0,74.7,2476.9,74.7,3046.6,74.7,4798.3,2014.5,0,2591.7,0,2724.6,0,13438.1,7288.5,0,8139.8,0,8603.9,0,10,1,4,6,6,4167,1676,2129,2824
NASC,10302.9,955.9,753.7,1731.0,1440.8,2784.9,2162.2,815.7,702.3,1199.2,1022.3,2063.8,1683.1,16578.1,3561.3,1861.8,9024.1,6742.0,12391.9,7387.2,849.7,247.0,172.1,477.8,395.4,569.9,475.1,0,0,0,0,0,984,63,138,373
NASR,6661.6,1588.1,894.9,2172.2,1119.5,3273.3,1661.0,1171.1,693.1,1634.1,875.2,2554.2,1336.9,6436.0,3123.6,1894.0,3897.6,2107.9,4885.8,2587.9,4172.8,2090.7,766.8,2373.4,898.7,3043.2,1106.9,43,12,8,24,26,1252,271,461,708
NAZR,6092.9,3633.5,0,4137.1,0,4695.2,0,2384.9,84.5,2797.8,84.5,3228.2,84.5,6071.3,3628.1,0,3774.6,0,4095.6,0,22855.0,14563.3,0,15652.2,0,16855.2,0,14,9,10,10,10,2528,1415,1656,1929
NBNK,567.9,371.9,371.9,428.1,428.1,465.0,465.0,217.0,217.0,257.3,257.3,288.9,288.9,1418.6,848.0,848.0,944.1,944.1,971.1,971.1,312.2,216.4,216.4,232.9,232.9,232.9,232.9,0,0,0,0,0,0,0,0,0
NECL,7403.0,1405.5,1367.9,1930.0,1854.8,2815.8,2601.0,984.3,952.2,1402.4,1335.2,2170.0,1967.4,8265.6,5144.7,5108.9,6020.3,5957.2,6599.1,6526.8,231.1,111.7,110.0,126.6,124.9,168.4,153.6,0,0,0,0,0,505,40,81,226
NECR,8049.8,6349.1,0,7333.7,0,7685.1,0,4940.1,210.2,5706.5,210.2,6033.2,210.2,11665.3,10248.9,0,11073.3,0,11112.2,0,16291.8,12868.5,0,14953.4,0,15107.8,0,39,7,30,37,38,5916,4839,5487,5768
NEVI,2814.7,1308.1,647.4,1679.0,780.6,2295.6,1028.8,1104.9,537.9,1434.9,658.1,1995.0,885.2,2180.9,1690.1,932.7,1854.6,967.0,2049.9,1031.3,1513.7,887.6,427.6,1030.1,501.8,1256.2,585.6,83,83,48,64,80,1068,459,615,826
NICL,4398.2,1622.8,0,2500.2,0,3682.2,0,1348.2,30.7,2090.7,30.7,3082.2,30.7,5410.7,2224.7,0,3652.8,0,4688.8,0,3957.7,1695.2,0,2270.0,0,3350.7,0,22,7,16,22,22,2945,1239,1809,2636
NIEL,8989.6,1325.1,1193.4,1722.2,1526.8,2830.2,2308.7,946.0,835.7,1247.1,1075.5,2197.9,1724.4,9232.5,4585.4,4289.5,5556.2,5251.8,7268.9,6541.0,904.5,488.4,431.8,520.1,458.6,695.4,551.7,0,0,0,0,0,1634,186,292,771
NIMP,5068.8,1456.5,686.4,1681.5,732.9,2127.3,814.5,1122.4,487.7,1337.7,532.4,1766.8,611.0,8869.9,8087.4,6899.7,8099.1,6901.3,8228.2,6907.6,1262.9,923.2,300.5,982.4,302.0,1028.6,310.0,43,43,21,25,34,4622,1000,1305,1969
OKAN,11535.4,1938.8,830.3,3147.3,980.0,5760.5,1018.0,1179.9,215.3,2226.5,316.5,4670.6,354.0,47666.5,43048.5,38762.5,44025.4,38778.8,44879.7,38778.8,3456.5,509.6,166.1,1151.0,238.5,2090.1,238.5,175,92,33,61,138,11720,1473,2650,5576
OWIK,18810.3,1592.7,1179.1,2333.0,1750.0,3466.4,2386.0,1321.5,1132.0,1850.5,1523.9,2842.0,2056.0,18678.5,13620.6,11358.5,14148.0,11784.4,14386.4,11971.8,1742.4,1066.2,899.4,1306.7,1126.9,1393.9,1151.8,34,0,26,28,29,2133,296,494,832
PARK,2204.3,577.2,122.9,711.8,137.5,1121.2,170.6,541.9,129.2,671.6,143.0,1037.5,173.7,2380.9,470.5,3.1,487.0,6.2,1407.8,12.7,796.6,231.8,74.3,282.5,76.4,398.6,90.8,0,0,0,0,0,2539,710,879,1319
PORI,1572.7,816.1,758.0,1039.0,965.9,1255.1,1148.4,661.0,609.2,861.0,794.4,1064.6,965.1,1160.5,918.2,880.9,1035.5,997.4,1088.1,1044.4,310.0,217.9,193.0,219.4,194.5,229.5,204.6,0,0,0,0,0,176,50,64,108
QUES,12482.8,5676.9,0,6326.9,0,7477.3,0,2265.1,249.2,2857.5,249.2,3922.6,249.2,39916.4,36705.6,0,36996.7,0,37397.9,0,9200.2,5566.8,0,5946.8,0,6620.2,0,4,0,0,0,0,4095,1837,2356,3052
REVL,10858.5,918.1,0,1235.7,0,1718.9,0,696.7,373.1,948.1,373.1,1414.3,373.1,12765.5,11401.1,0,11423.2,0,11440.9,0,1373.7,688.4,0,867.4,0,887.7,0,302,302,60,120,198,2565,138,329,723
SAJR,2346.1,1486.4,0,1664.3,0,1741.5,0,916.3,3.9,1047.8,3.9,1117.9,3.9,9995.3,6619.1,0,7111.6,0,7163.0,0,11376.9,5278.4,0,5524.9,0,5574.5,0,0,0,0,0,0,1974,1300,1540,1671
SALM,3658.3,1007.0,351.3,1404.3,452.7,1956.2,557.3,853.5,359.0,1175.7,430.9,1697.3,534.3,4630.0,1707.1,45.1,3203.4,782.8,3392.7,786.8,1067.0,580.9,87.8,666.0,95.4,715.9,96.5,306,299,120,171,243,3499,639,1053,1819
SALR,3384.4,3079.6,0,3234.5,0,3313.8,0,2011.7,70.6,2150.5,70.6,2225.7,70.6,8283.1,8041.5,0,8055.0,0,8071.0,0,11443.1,10387.2,0,10498.3,0,10527.3,0,56,52,56,56,56,1326,1198,1273,1304
SANJ,7275.6,1520.9,706.3,2101.1,882.8,3422.3,1204.9,1400.6,707.3,1969.2,882.3,3238.9,1176.5,5121.9,4281.5,3467.8,4405.6,3507.1,4593.5,3578.7,655.8,317.6,138.2,351.7,139.1,446.9,140.4,214,139,111,146,190,8602,904,1485,3173
SETN,26020.2,1534.4,0,1958.7,0,3629.9,0,1167.6,330.9,1571.0,330.9,3164.9,330.9,16519.0,11011.3,0,11067.5,0,11392.6,0,2206.1,672.7,0,718.7,0,1079.7,0,43,10,14,22,37,8239,385,625,1785
SEYM,8298.8,1227.8,796.6,1814.0,1190.4,2752.6,1737.7,908.7,643.9,1335.6,915.7,2146.4,1378.8,12037.1,6512.0,3854.8,7984.4,4800.7,8898.8,5174.3,1580.0,705.0,531.7,839.2,632.0,905.9,672.8,0,0,0,0,0,2763,463,834,1592
SHER,9718.1,1209.0,1208.9,1787.5,1783.4,3298.1,3283.6,934.9,934.8,1443.1,1439.1,2796.8,2782.5,5226.1,3103.5,3103.5,3278.3,3278.0,4113.2,4112.6,6008.5,2979.4,2979.4,3239.8,3239.8,4351.2,4351.2,0,0,0,0,0,46,3,7,18
SHUL,7257.3,1240.0,0,1553.4,0,2109.8,0,691.9,214.8,991.7,214.8,1527.1,214.8,35952.6,34058.8,0,34117.2,0,34179.3,0,2185.0,819.8,0,914.1,0,1027.7,0,261,19,66,97,168,3517,463,738,1217
SKGT,3066.4,282.1,187.8,356.0,212.5,650.2,349.9,236.5,154.2,309.9,178.5,600.5,314.5,404.8,305.0,296.7,305.0,296.7,316.5,303.9,495.8,432.2,327.3,432.2,327.3,443.8,327.3,0,0,0,0,0,670,116,147,301
SLOC,7499.4,734.5,0,870.6,0,1339.0,0,580.9,164.8,715.2,164.8,1163.0,164.8,8997.0,7609.7,0,7616.4,0,7918.2,0,553.7,326.8,0,326.8,0,353.4,0,248,248,123,153,202,3634,415,579,1066
SMAR,12084.1,2727.6,0,3298.7,0,4294.0,0,2474.4,615.1,3012.4,615.1,3983.6,615.1,3310.0,1575.6,0,1612.0,0,1680.0,0,4044.9,2452.0,0,2670.5,0,2767.0,0,283,141,157,203,263,5920,1467,2119,3020
SQAM,10470.1,752.4,281.4,898.1,315.1,1342.7,407.3,888.8,654.8,1011.2,686.9,1439.5,777.6,5780.6,447.4,3.7,463.0,3.7,545.6,4.3,794.4,343.4,15.9,347.3,15.9,358.3,15.9,19,2,3,4,7,4600,454,577,1021
STHM,6617.8,1072.4,0,1370.1,0,2955.8,0,930.1,101.1,1219.0,101.1,2648.6,101.1,5905.6,2893.1,0,2944.5,0,4268.1,0,2065.7,504.5,0,550.6,0,1031.7,0,12,5,1,2,11,6154,1159,1536,3020
STIR,6350.7,493.0,478.1,891.4,757.2,1521.5,1217.3,478.1,465.0,814.4,699.3,1406.0,1125.6,1112.9,458.6,455.2,694.4,543.4,778.2,612.0,2185.9,348.4,326.8,1136.3,1027.0,1252.8,1122.5,0,0,0,0,0,177,16,35,79
STUL,5674.6,4295.0,0,4783.9,0,5288.9,0,2597.6,16.3,3050.9,16.3,3522.0,16.3,50436.8,49658.0,0,49927.2,0,50305.7,0,13054.3,12087.9,0,12278.5,0,12391.0,0,125,109,118,120,124,2404,1873,2134,2314
STUR,3704.7,3045.5,0,3369.4,0,3471.1,0,2240.0,190.8,2478.4,190.8,2569.2,190.8,5365.3,4093.4,0,4577.5,0,4590.9,0,9815.4,7842.1,0,8833.2,0,8887.3,0,6,0,6,6,6,1726,1408,1604,1645
SUST,8005.3,2443.3,2095.6,3166.1,2645.3,4412.6,3651.4,2091.6,1786.1,2784.1,2313.8,3990.6,3291.5,3780.0,3146.8,3037.5,3216.9,3092.0,3320.0,3170.3,2859.3,1927.7,1620.3,2086.7,1737.6,2308.1,1849.9,0,0,0,0,0,458,233,312,397
SWIR,5908.5,2841.2,2604.7,3554.9,3241.3,4276.1,3892.1,2149.5,1936.6,2809.9,2521.3,3489.4,3133.9,8045.1,5762.3,5695.5,5922.1,5854.9,6097.0,6013.7,7179.8,5598.1,5395.0,5971.9,5745.6,6112.4,5864.2,0,0,0,0,0,142,79,105,128
TABR,3731.1,2597.7,0.1,3128.5,0.1,3444.0,0.1,2248.3,220.0,2713.3,220.0,3013.7,220.0,1549.8,1163.2,0,1373.4,0,1394.3,0,3991.1,3039.7,0,3517.2,0,3669.6,0,267,257,223,260,262,3486,2300,2846,3180
TAHR,3775.8,814.1,812.3,1142.7,1137.3,2207.6,2194.2,710.4,708.5,1018.3,1013.9,1970.8,1958.4,1565.9,699.1,699.1,756.6,755.1,1055.0,1053.6,3579.7,804.3,804.3,947.4,927.5,1888.2,1868.3,0,0,0,0,0,29,5,7,8
TAHS,3305.3,564.4,384.9,802.4,486.1,1230.2,648.3,538.2,369.5,760.4,465.2,1175.5,620.5,787.5,382.5,279.3,574.8,305.9,646.5,322.5,224.1,124.4,107.1,134.2,109.6,147.8,115.6,41,41,17,20,35,2821,340,573,1162
TAKL,7365.0,4704.2,0.0,5440.7,0.0,6221.3,0.0,2590.0,13.6,3272.5,13.6,4020.9,13.6,30545.6,30187.6,0,30301.4,0,30403.2,0,7082.1,5445.0,0,5953.7,0,6152.2,0,2,0,2,2,2,1754,1195,1449,1662
TASR,5493.9,1107.9,0,1647.4,0,2561.4,0,791.5,203.3,1256.5,203.3,2016.8,203.3,7444.9,5195.6,0,5287.7,0,6149.2,0,5608.1,2376.2,0,2776.8,0,3565.2,0,0,0,0,0,0,753,227,350,484
TATR,15037.8,2283.5,2157.7,2862.7,2694.3,3991.9,3721.2,2098.8,1988.3,2653.9,2501.4,3754.1,3500.2,4022.6,1698.6,1660.8,1805.4,1765.1,1924.2,1881.4,3609.0,2261.0,2136.8,2504.9,2375.9,2613.2,2481.8,0,0,0,0,0,147,47,60,88
TAYR,4032.8,535.1,533.0,696.4,693.3,1170.7,1162.4,472.3,470.4,629.2,626.3,1093.6,1085.6,232.3,141.2,141.2,158.6,158.6,172.0,172.0,955.5,658.3,656.4,678.7,676.8,718.1,716.1,0,0,0,0,0,20,10,12,14
TESR,7374.6,4175.6,4038.8,5587.5,5416.7,6535.7,6346.3,2818.1,2708.0,4011.6,3869.4,4866.4,4705.9,30873.9,28362.2,28210.2,29442.3,29287.0,30528.8,30373.4,12938.6,9571.8,9164.1,11325.6,10905.1,11752.9,11331.9,0,0,0,0,0,24,20,22,24
THOM,7815.8,504.1,0,1187.4,0,2431.9,0,349.9,187.0,987.1,187.0,2169.2,187.0,7357.8,5023.7,0,5408.4,0,5731.1,0,1654.7,79.8,0,264.8,0,543.6,0,14,9,0,1,6,6641,288,1060,2530
TOBA,14712.8,711.6,585.2,962.6,750.9,1558.4,984.8,737.1,636.6,939.2,768.7,1497.8,991.6,20296.2,935.4,687.9,1564.5,1056.1,1879.9,1104.5,1582.5,865.6,678.4,909.8,686.0,998.7,750.7,4,2,0,0,2,4417,234,352,777
TSAY,8587.4,518.2,485.2,748.4,682.4,1381.6,1178.6,537.6,509.7,716.1,655.9,1307.8,1111.8,1513.8,66.8,48.6,777.1,757.7,810.7,789.9,596.1,331.1,309.6,371.4,348.7,456.4,425.0,0,0,0,0,0,723,91,124,296
TSIT,4230.9,404.9,212.4,666.4,249.3,1372.1,442.9,400.5,264.4,634.1,294.6,1274.4,440.0,1646.5,1103.3,82.1,1141.1,82.1,1289.1,150.3,394.3,172.0,120.4,190.8,120.4,297.7,175.5,1,1,1,1,1,4362,249,568,1518
TUTR,11828.4,2225.8,1909.3,3319.2,2722.2,4352.2,3532.2,1133.6,935.8,1963.3,1569.4,2954.2,2343.0,36827.2,31008.6,29934.6,34433.0,32174.2,34632.5,32349.5,5390.3,3535.9,2682.9,4260.8,3299.9,4403.7,3411.2,0,0,0,0,0,143,40,54,70
TWAC,3033.3,1010.1,0,1293.2,0,2150.9,0,684.0,81.4,905.6,81.4,1404.1,81.4,5549.7,2478.8,0,2830.6,0,3643.4,0,9336.3,2443.9,0,2890.5,0,6889.7,0,0,0,0,0,0,2799,859,1212,1893
UARL,11925.2,1170.3,0,1607.5,0,2485.7,0,770.3,320.2,1147.2,320.2,1973.2,320.2,33926.7,32044.4,0,32335.3,0,32517.0,0,1123.6,77.0,0,231.8,0,467.6,0,166,64,62,95,136,3282,364,623,1204
UBIR,5250.5,614.2,541.2,817.6,729.7,1347.4,1223.3,517.6,465.2,715.2,648.2,1223.9,1120.8,847.4,494.2,371.9,501.9,378.6,692.2,568.9,1500.2,1211.7,1083.9,1224.0,1096.2,1272.9,1144.9,0,0,0,0,0,83,51,58,71
UCHR,5789.1,4290.6,0,4763.1,0,5090.0,0,3045.4,59.3,3470.7,59.3,3762.5,59.3,5952.6,4603.7,0,4848.4,0,4915.6,0,21457.8,16376.8,0,16654.0,0,16827.4,0,4,3,4,4,4,1895,1410,1616,1724
UEUT,8691.8,0,0,0,0,0,0,123.2,123.2,123.2,123.2,123.2,123.2,45359.7,0,0,0,0,0,0,16704.4,0,0,0,0,0,0,8,2,0,0,0,485,0,0,0
UFRA,14134.8,1351.6,0,1685.2,0,2719.9,0,1310.5,591.7,1636.7,591.7,2548.2,591.7,3672.3,1784.0,0,1803.3,0,1904.6,0,3042.5,1396.5,0,1412.6,0,1735.2,0,169,83,97,125,153,2044,788,998,1329
UJER,4005.9,2773.0,2773.0,3073.2,3073.2,3390.6,3390.6,2042.7,2042.7,2326.0,2326.0,2629.2,2629.2,4760.2,4253.4,4253.4,4385.3,4385.3,4464.5,4464.5,8608.2,8260.1,8260.1,8262.8,8262.8,8286.5,8286.5,0,0,0,0,0,0,0,0,0
UNAR,10315.4,1451.8,1451.8,2027.8,2027.8,3735.5,3735.5,1265.8,1265.8,1808.1,1808.1,3460.6,3460.6,968.7,489.3,489.3,529.9,529.9,693.5,693.5,3799.5,2175.7,2175.7,2345.9,2345.9,2583.1,2583.1,0,0,0,0,0,0,0,0,0
UNRS,9844.8,0.0,0,0.0,0,0.0,0,62.3,62.3,62.3,62.3,62.3,62.3,66581.7,0,0,0,0,0,0,7132.0,3.3,0,3.3,0,3.3,0,0,0,0,0,0,1861,0,0,0
UNTH,9754.5,1070.1,0,1389.9,0,2352.1,0,967.4,412.4,1256.8,412.4,2104.9,412.4,2581.1,630.1,0,670.8,0,914.3,0,6268.7,2008.0,0,2273.1,0,3233.1,0,10,0,4,5,7,4435,458,728,1444
UNUR,4526.0,315.2,315.2,411.8,411.8,691.4,619.8,342.9,342.9,424.7,424.7,651.7,597.6,1481.3,109.7,109.7,128.6,128.6,500.8,333.2,253.1,129.0,129.0,130.3,130.3,166.1,166.1,0,0,0,0,0,163,1,1,23
USHU,7678.6,1349.9,0,1951.3,0,2942.8,0,1091.7,244.8,1614.3,244.8,2549.9,244.8,10536.4,8551.7,0,9348.9,0,9569.9,0,2644.6,800.9,0,1222.7,0,1672.8,0,64,18,9,36,55,4221,634,1135,1954
USKE,9221.3,1856.4,1750.0,2702.3,2508.3,4330.3,3950.2,1553.0,1455.7,2323.8,2143.7,3885.9,3524.7,1650.4,929.5,895.3,1020.4,976.9,1168.7,1095.7,6144.1,3895.1,3834.6,4486.8,4396.9,4797.7,4688.4,0,0,0,0,0,204,135,162,190
USTK,7691.3,2851.6,2844.3,3979.9,3974.4,5294.9,5286.0,2388.9,2383.8,3424.2,3420.3,4666.5,4658.2,3319.1,2650.4,2648.1,2844.1,2842.2,2984.0,2982.0,6385.8,3979.8,3970.6,4657.6,4657.0,5133.0,5132.4,0,0,0,0,0,24,2,6,21
UTRE,2702.8,1507.4,0,1718.1,0,2473.5,0,966.7,11.3,1163.9,11.3,1840.4,11.3,14529.0,14133.7,0,14185.3,0,14495.7,0,3982.8,2903.2,0,3025.6,0,3772.0,0,58,58,34,40,56,938,460,581,885
VICT,826.8,364.9,33.1,451.5,40.4,601.1,56.3,303.8,32.2,374.4,39.5,513.2,54.7,1788.6,1301.1,7.2,1521.0,7.3,1654.4,8.2,328.8,129.1,0.5,160.8,0.5,185.9,3.9,0,0,0,0,0,1598,763,911,1193
WILL,5274.9,3576.8,0,4140.2,0,4710.0,0,2870.1,232.9,3395.9,232.9,3938.4,232.9,4435.0,4036.0,0,4100.6,0,4161.4,0,7691.0,6731.5,0,6992.0,0,7150.6,0,382,375,332,365,377,4053,2447,2965,3555
WORC,7703.4,1394.1,1154.1,1896.6,1593.9,2745.4,2285.5,1094.9,961.0,1555.4,1361.2,2335.1,1996.7,5150.3,2467.6,1540.2,2671.6,1731.7,3309.1,2236.2,1888.1,1249.1,1160.5,1325.8,1235.6,1456.9,1355.5,0,0,0,0,0,641,136,209,362
ZYMO,7386.2,1304.6,1057.8,1660.2,1286.4,2512.6,1860.3,1125.2,936.3,1446.7,1148.8,2264.4,1702.8,2279.5,1484.3,1176.4,1634.2,1200.4,1709.5,1238.4,2460.2,1654.1,1294.3,1751.1,1354.7,1907.4,1439.2,249,249,98,127,195,1727,290,435,751
